{
  "♥": -0.09523809523809523,
  "😄": 0.6666666666666666,
  "👉": 0.7142857142857143,
  "👈": 1.0,
  "💖": -0.14285714285714285,
  "😘": -0.043478260869565216,
  "❤": 0.16,
  "🎉": 0.25,
  "😊": 0.1,
  "😁": 0.3333333333333333,
  "😂": -0.17073170731707318,
  "😭": -0.9047619047619048,
  "💜": 0.14285714285714285,
  "💗": 0.0,
  "☺": 0.25,
  "🏻": -0.14285714285714285,
  "😍": 0.75,
  "💙": 0.7777777777777778,
  "💚": 0.7777777777777778,
  "💕": 0.2,
  "🍸": 0.75,
  "💞": -0.3333333333333333,
  "🌸": 0.6666666666666666,
  "😩": -1.0,
  "😢": -1.0,
  "😔": -1.0,
  "😚": -1.0,
  "😠": -0.8,
  "😡": -0.9,
  "🙄": -0.3
}